Matrix                       ,Thread ,RCM ,RACE_efficiency ,Iter ,ResNorm       ,ErrNorm       ,ActualIter ,Preprocessing-time ,Perf_COLOR_KACZ_Q0 ,Perf_COLOR_KACZ_Q25 ,Perf_COLOR_KACZ_Q50 ,Perf_COLOR_KACZ_Q75 ,Perf_COLOR_KACZ_Q100 
crankseg_1.mtx               ,1      ,    ,=40             ,490  , 4.343515e+04 , 2.493568e-03 , 480       ,1.178073           ,2.297059           ,2.290359            ,2.288040            ,2.285659            ,2.285029
crankseg_1.mtx               ,2      ,    ,=40             ,490  , 4.343687e+04 , 2.493573e-03 , 480       ,1.130184           ,4.517021           ,4.515779            ,4.511806            ,4.506308            ,4.503129
crankseg_1.mtx               ,4      ,    ,=40             ,490  , 4.344193e+04 , 2.493581e-03 , 480       ,1.125082           ,8.370977           ,8.367048            ,8.361226            ,8.360093            ,8.335261
crankseg_1.mtx               ,8      ,    ,=40             ,490  , 4.355139e+04 , 2.490478e-03 , 490       ,1.127642           ,10.045822          ,10.036015           ,10.025206           ,10.006680           ,9.998810
crankseg_1.mtx               ,16     ,    ,=40             ,490  , 4.655077e+04 , 2.490613e-03 , 490       ,1.167291           ,18.687389          ,18.675182           ,18.668619           ,18.664688           ,18.656990
crankseg_1.mtx               ,32     ,    ,=40             ,490  , 4.969885e+04 , 2.493153e-03 , 480       ,1.192507           ,15.611206          ,15.586019           ,15.572195           ,15.552593           ,15.492859
crankseg_1.mtx               ,38     ,    ,=40             ,490  , 4.901250e+04 , 2.494006e-03 , 490       ,1.206962           ,15.408193          ,15.378688           ,15.371611           ,15.343515           ,15.236770
ship_003.mtx                 ,1      ,    ,=40             ,510  , 4.330826e+10 , 2.030513e-03 , 510       ,0.519682           ,2.354516           ,2.352654            ,2.351861            ,2.350489            ,2.342104
ship_003.mtx                 ,2      ,    ,=40             ,510  , 4.611108e+10 , 2.030513e-03 , 510       ,0.502119           ,4.604054           ,4.600618            ,4.598194            ,4.582698            ,4.551159
ship_003.mtx                 ,4      ,    ,=40             ,510  , 4.604655e+10 , 2.030512e-03 , 510       ,0.491621           ,8.768401           ,8.764394            ,8.756810            ,8.748626            ,8.681116
ship_003.mtx                 ,8      ,    ,=40             ,510  , 6.622184e+10 , 2.030513e-03 , 510       ,0.497711           ,15.692810          ,15.683756           ,15.665901           ,15.649108           ,15.587680
ship_003.mtx                 ,16     ,    ,=40             ,510  , 5.726440e+10 , 2.030511e-03 , 510       ,0.508274           ,24.121168          ,24.106326           ,24.088592           ,24.070775           ,24.061960
ship_003.mtx                 ,32     ,    ,=40             ,510  , 5.091824e+10 , 2.030514e-03 , 510       ,0.575281           ,43.131464          ,43.116653           ,43.091223           ,42.936149           ,42.895845
ship_003.mtx                 ,38     ,    ,=40             ,510  , 6.643882e+10 , 2.030517e-03 , 510       ,0.586180           ,51.015771          ,50.996180           ,50.942899           ,50.702812           ,50.545570
shipsec1.mtx                 ,1      ,    ,=80+80          ,500  , 2.718033e+06 , 1.935468e-03 , 500       ,0.443718           ,2.329581           ,2.327776            ,2.327647            ,2.326004            ,2.315779
shipsec1.mtx                 ,2      ,    ,=80+80          ,500  , 2.712868e+06 , 1.935469e-03 , 500       ,0.420845           ,4.647338           ,4.641202            ,4.638163            ,4.628175            ,4.597440
shipsec1.mtx                 ,4      ,    ,=80+80          ,500  , 2.701701e+06 , 1.935472e-03 , 500       ,0.412834           ,8.925232           ,8.922518            ,8.914208            ,8.908144            ,8.877859
shipsec1.mtx                 ,8      ,    ,=80+80          ,500  , 2.698396e+06 , 1.935453e-03 , 500       ,0.418244           ,15.221677          ,15.209230           ,15.206961           ,15.166902           ,15.095387
shipsec1.mtx                 ,16     ,    ,=80+80          ,500  , 2.584397e+06 , 1.935327e-03 , 500       ,0.449703           ,26.078601          ,26.065389           ,26.054540           ,26.021450           ,26.008708
shipsec1.mtx                 ,32     ,    ,=80+80          ,500  , 2.614236e+06 , 1.935370e-03 , 500       ,0.530439           ,46.782994          ,46.733893           ,46.698398           ,46.500410           ,46.468135
shipsec1.mtx                 ,38     ,    ,=80+80          ,500  , 2.600512e+06 , 1.935333e-03 , 500       ,0.548851           ,54.887871          ,54.850206           ,54.775329           ,54.684910           ,53.221826
bmw7st_1.mtx                 ,1      ,    ,=80+80          ,520  , 8.058095e+07 , 2.047116e-03 , 510       ,0.435240           ,2.229882           ,2.228983            ,2.224872            ,2.221769            ,2.208927
bmw7st_1.mtx                 ,2      ,    ,=80+80          ,520  , 2.758850e+07 , 2.047116e-03 , 510       ,0.431636           ,4.395352           ,4.393171            ,4.383246            ,4.379031            ,4.358620
bmw7st_1.mtx                 ,4      ,    ,=80+80          ,520  , 2.758856e+07 , 2.047115e-03 , 510       ,0.430968           ,8.472734           ,8.469905            ,8.453566            ,8.443045            ,8.422085
bmw7st_1.mtx                 ,8      ,    ,=80+80          ,520  , 2.758848e+07 , 2.047114e-03 , 510       ,0.434284           ,15.895876          ,15.891395           ,15.881971           ,15.871948           ,15.793740
bmw7st_1.mtx                 ,16     ,    ,=80+80          ,520  , 8.058800e+07 , 2.047268e-03 , 510       ,0.445066           ,22.792139          ,22.776557           ,22.763604           ,22.746635           ,22.712142
bmw7st_1.mtx                 ,32     ,    ,=80+80          ,520  , 7.715127e+07 , 2.047764e-03 , 520       ,0.551861           ,45.708939          ,45.686925           ,45.560828           ,45.459780           ,45.405109
bmw7st_1.mtx                 ,38     ,    ,=80+80          ,520  , 2.722070e+07 , 2.047840e-03 , 520       ,0.558971           ,44.876423          ,44.860420           ,44.849627           ,44.761325           ,44.375924
gearbox.mtx                  ,1      ,    ,=40             ,480  , 1.338316e-07 , 2.770909e-05 , 450       ,0.164705           ,2.281804           ,2.276159            ,2.274593            ,2.271778            ,2.269997
gearbox.mtx                  ,2      ,    ,=40             ,480  , 1.343793e-07 , 2.767724e-05 , 460       ,0.137983           ,4.500555           ,4.500160            ,4.498727            ,4.498118            ,4.494096
gearbox.mtx                  ,4      ,    ,=40             ,480  , 1.339251e-07 , 2.760830e-05 , 460       ,0.132500           ,8.745647           ,8.744597            ,8.739672            ,8.737965            ,8.735751
gearbox.mtx                  ,8      ,    ,=40             ,480  , 1.369153e-07 , 2.758083e-05 , 470       ,0.130149           ,15.756902          ,15.740317           ,15.735346           ,15.731146           ,15.727100
gearbox.mtx                  ,16     ,    ,=40             ,480  , 1.408085e-07 , 2.771017e-05 , 480       ,0.159068           ,20.683384          ,20.660121           ,20.645902           ,20.614343           ,20.607005
gearbox.mtx                  ,32     ,    ,=40             ,480  , 1.417862e-07 , 2.783646e-05 , 480       ,0.264581           ,44.469908          ,44.428516           ,44.399800           ,44.305739           ,44.186870
gearbox.mtx                  ,38     ,    ,=40             ,480  , 1.400315e-07 , 2.778276e-05 , 480       ,0.245798           ,53.177771          ,53.149710           ,53.082693           ,53.015498           ,52.820387
pwtk.mtx                     ,1      ,    ,=80+80          ,510  , 3.766833e+01 , 1.474174e-03 , 510       ,0.612786           ,2.250683           ,2.246098            ,2.239828            ,2.237900            ,2.235242
pwtk.mtx                     ,2      ,    ,=80+80          ,510  , 3.774048e+01 , 1.474175e-03 , 510       ,0.563855           ,4.436983           ,4.434855            ,4.432898            ,4.427107            ,4.425511
pwtk.mtx                     ,4      ,    ,=80+80          ,510  , 3.780890e+01 , 1.474176e-03 , 510       ,0.549207           ,8.736655           ,8.731263            ,8.726709            ,8.723652            ,8.703773
pwtk.mtx                     ,8      ,    ,=80+80          ,510  , 3.645147e+01 , 1.474176e-03 , 510       ,0.543613           ,16.465269          ,16.451824           ,16.451106           ,16.445961           ,16.424333
pwtk.mtx                     ,16     ,    ,=80+80          ,510  , 3.795610e+01 , 1.474180e-03 , 510       ,0.546049           ,30.847214          ,30.813556           ,30.790816           ,30.772817           ,30.719932
pwtk.mtx                     ,32     ,    ,=80+80          ,510  , 3.696107e+01 , 1.474186e-03 , 510       ,0.598560           ,49.389533          ,49.372680           ,49.344267           ,49.255201           ,49.100157
pwtk.mtx                     ,38     ,    ,=80+80          ,510  , 3.703049e+01 , 1.474231e-03 , 510       ,0.613663           ,49.762832          ,49.758255           ,49.702643           ,49.576739           ,49.522259
F1.mtx                       ,1      ,    ,=40             ,510  , 4.199741e+00 , 1.705273e-03 , 510       ,2.165015           ,2.228279           ,2.225051            ,2.222980            ,2.222656            ,2.221283
F1.mtx                       ,2      ,    ,=40             ,510  , 4.199751e+00 , 1.705273e-03 , 510       ,2.036197           ,4.316125           ,4.313468            ,4.312593            ,4.310790            ,4.310275
F1.mtx                       ,4      ,    ,=40             ,510  , 4.203121e+00 , 1.705273e-03 , 510       ,1.983130           ,8.227926           ,8.227143            ,8.224571            ,8.223101            ,8.217962
F1.mtx                       ,8      ,    ,=40             ,510  , 4.225092e+00 , 1.705273e-03 , 510       ,1.959251           ,14.772625          ,14.769980           ,14.766870           ,14.762376           ,14.760502
F1.mtx                       ,16     ,    ,=40             ,510  , 4.200759e+00 , 1.705273e-03 , 510       ,1.984182           ,20.330062          ,20.320270           ,20.302277           ,20.294736           ,20.273184
F1.mtx                       ,32     ,    ,=40             ,510  , 4.317833e+00 , 1.705272e-03 , 510       ,2.077957           ,37.425635          ,37.409490           ,37.379106           ,37.343117           ,37.339680
F1.mtx                       ,38     ,    ,=40             ,510  , 4.236990e+00 , 1.705272e-03 , 510       ,2.158185           ,41.516964          ,41.499016           ,41.464336           ,41.451440           ,41.439060
inline_1.mtx                 ,1      ,    ,=80+80          ,510  , 1.788521e+01 , 1.405885e-03 , 510       ,2.589833           ,2.230682           ,2.222855            ,2.221340            ,2.221165            ,2.220704
inline_1.mtx                 ,2      ,    ,=80+80          ,510  , 1.788521e+01 , 1.405885e-03 , 510       ,2.420235           ,4.380664           ,4.373127            ,4.367112            ,4.365891            ,4.364230
inline_1.mtx                 ,4      ,    ,=80+80          ,510  , 1.788521e+01 , 1.405885e-03 , 510       ,2.347887           ,8.562060           ,8.557995            ,8.555124            ,8.551831            ,8.547721
inline_1.mtx                 ,8      ,    ,=80+80          ,510  , 1.788521e+01 , 1.405885e-03 , 510       ,2.314989           ,16.196013          ,16.188130           ,16.187305           ,16.179752           ,16.172615
inline_1.mtx                 ,16     ,    ,=80+80          ,510  , 1.788518e+01 , 1.405885e-03 , 510       ,2.290763           ,29.497170          ,29.486764           ,29.472348           ,29.449495           ,29.418104
inline_1.mtx                 ,32     ,    ,=80+80          ,510  , 1.723322e+01 , 1.405885e-03 , 510       ,2.358794           ,42.411040          ,42.394437           ,42.382541           ,42.371502           ,42.238247
inline_1.mtx                 ,38     ,    ,=80+80          ,510  , 1.603149e+01 , 1.405887e-03 , 510       ,2.410713           ,45.518114          ,45.489705           ,45.469856           ,45.431035           ,45.362853
gsm_106857.mtx               ,1      ,    ,=80+80          ,530  , 1.466778e-05 , 2.169693e-04 , 530       ,2.089028           ,2.194512           ,2.193613            ,2.193348            ,2.193102            ,2.192070
gsm_106857.mtx               ,2      ,    ,=80+80          ,530  , 1.462236e-05 , 2.169684e-04 , 530       ,1.955005           ,4.297099           ,4.296444            ,4.295111            ,4.293873            ,4.288236
gsm_106857.mtx               ,4      ,    ,=80+80          ,530  , 1.458947e-05 , 2.169666e-04 , 530       ,1.878511           ,8.239034           ,8.237555            ,8.236924            ,8.230981            ,8.229887
gsm_106857.mtx               ,8      ,    ,=80+80          ,530  , 1.441397e-05 , 2.169647e-04 , 530       ,1.869763           ,14.860674          ,14.858089           ,14.855413           ,14.851860           ,14.834315
gsm_106857.mtx               ,16     ,    ,=80+80          ,530  , 1.440526e-05 , 2.171244e-04 , 530       ,1.904490           ,21.606666          ,21.597002           ,21.594328           ,21.584483           ,21.557146
gsm_106857.mtx               ,32     ,    ,=80+80          ,530  , 1.440053e-05 , 2.174732e-04 , 530       ,1.969640           ,42.880406          ,42.808689           ,42.803575           ,42.756573           ,42.734814
gsm_106857.mtx               ,38     ,    ,=80+80          ,530  , 1.437564e-05 , 2.174591e-04 , 530       ,2.014965           ,39.513780          ,39.503130           ,39.484242           ,39.465179           ,39.433455
Fault_639.mtx                ,1      ,    ,=40             ,510  , 1.901316e+07 , 1.220078e-03 , 510       ,1.582710           ,2.153425           ,2.153071            ,2.152236            ,2.151435            ,2.151204
Fault_639.mtx                ,2      ,    ,=40             ,510  , 1.901764e+07 , 1.220078e-03 , 510       ,1.439231           ,4.227593           ,4.226063            ,4.225573            ,4.224932            ,4.224486
Fault_639.mtx                ,4      ,    ,=40             ,510  , 1.958982e+07 , 1.220078e-03 , 510       ,1.353662           ,7.779526           ,7.776432            ,7.775610            ,7.773656            ,7.767465
Fault_639.mtx                ,8      ,    ,=40             ,510  , 2.027191e+07 , 1.220078e-03 , 510       ,1.321750           ,14.215322          ,14.214480           ,14.212257           ,14.210580           ,14.204041
Fault_639.mtx                ,16     ,    ,=40             ,510  , 2.075289e+07 , 1.220118e-03 , 510       ,1.396819           ,21.428539          ,21.427828           ,21.421368           ,21.418898           ,21.409157
Fault_639.mtx                ,32     ,    ,=40             ,510  , 2.165653e+07 , 1.220139e-03 , 510       ,1.460943           ,42.436603          ,42.416378           ,42.378300           ,42.358977           ,42.304092
Fault_639.mtx                ,38     ,    ,=40             ,510  , 2.217491e+07 , 1.220145e-03 , 510       ,1.478605           ,45.905149          ,45.883505           ,45.842315           ,45.826831           ,45.803770
Hubbard-12.mtx               ,1      ,    ,=80+80          ,860  , 1.938458e-07 , 2.084681e-06 , 480       ,0.502783           ,1.612567           ,1.612213            ,1.611512            ,1.610785            ,1.607611
Hubbard-12.mtx               ,2      ,    ,=80+80          ,860  , 2.416731e-07 , 2.088103e-06 , 680       ,0.344410           ,3.072576           ,3.072013            ,3.071172            ,3.069858            ,3.065682
Hubbard-12.mtx               ,4      ,    ,=80+80          ,860  , 2.495171e-07 , 2.086104e-06 , 750       ,0.276129           ,5.856444           ,5.855322            ,5.853305            ,5.850423            ,5.835787
Hubbard-12.mtx               ,8      ,    ,=80+80          ,860  , 3.805866e-07 , 2.427328e-06 , 860       ,0.257955           ,9.079041           ,9.077953            ,9.074553            ,9.070503            ,9.068469
Hubbard-12.mtx               ,16     ,    ,=80+80          ,860  , 2.913895e-07 , 2.250992e-06 , 860       ,0.309551           ,19.881321          ,19.878063           ,19.866974           ,19.864343           ,19.838397
Hubbard-12.mtx               ,32     ,    ,=80+80          ,860  , 3.643283e-07 , 2.404524e-06 , 860       ,0.363662           ,30.046244          ,30.025038           ,30.010945           ,29.990044           ,29.946387
Hubbard-12.mtx               ,38     ,    ,=80+80          ,860  , 3.475509e-07 , 2.402411e-06 , 860       ,0.436628           ,37.848479          ,37.821204           ,37.811679           ,37.733053           ,37.503941
Emilia_923.mtx               ,1      ,    ,=80+80          ,500  , 1.650438e+05 , 1.031954e-03 , 500       ,2.209472           ,2.144773           ,2.144143            ,2.143600            ,2.143295            ,2.143024
Emilia_923.mtx               ,2      ,    ,=80+80          ,500  , 1.652688e+05 , 1.031954e-03 , 500       ,2.014413           ,4.212729           ,4.212419            ,4.212152            ,4.211586            ,4.210189
Emilia_923.mtx               ,4      ,    ,=80+80          ,500  , 1.707675e+05 , 1.031954e-03 , 500       ,1.914600           ,8.144254           ,8.143623            ,8.141428            ,8.139242            ,8.123822
Emilia_923.mtx               ,8      ,    ,=80+80          ,500  , 1.865475e+05 , 1.031954e-03 , 500       ,1.868503           ,15.120754          ,15.119780           ,15.118609           ,15.116074           ,15.110140
Emilia_923.mtx               ,16     ,    ,=80+80          ,500  , 2.029273e+05 , 1.031954e-03 , 500       ,1.864006           ,27.631348          ,27.627134           ,27.588450           ,27.535894           ,27.515064
Emilia_923.mtx               ,32     ,    ,=80+80          ,500  , 2.111048e+05 , 1.031954e-03 , 500       ,2.019409           ,33.555527          ,33.537278           ,33.512222           ,33.487399           ,33.383869
Emilia_923.mtx               ,38     ,    ,=80+80          ,500  , 2.070205e+05 , 1.031954e-03 , 500       ,2.035442           ,42.339865          ,42.276192           ,42.252299           ,42.217927           ,42.216844
audikw_1.mtx                 ,1      ,    ,=80+80          ,480  , 1.407086e+02 , 4.308458e-04 , 480       ,5.909416           ,2.225593           ,2.224392            ,2.224116            ,2.223979            ,2.222974
audikw_1.mtx                 ,2      ,    ,=80+80          ,480  , 1.405044e+02 , 4.308471e-04 , 480       ,5.538763           ,4.369926           ,4.368034            ,4.367800            ,4.367223            ,4.366784
audikw_1.mtx                 ,4      ,    ,=80+80          ,480  , 1.403034e+02 , 4.308489e-04 , 480       ,5.360627           ,8.120310           ,8.119235            ,8.118150            ,8.116276            ,8.112674
audikw_1.mtx                 ,8      ,    ,=80+80          ,480  , 1.393209e+02 , 4.308523e-04 , 480       ,5.275714           ,14.548323          ,14.545324           ,14.540795           ,14.532824           ,14.523261
audikw_1.mtx                 ,16     ,    ,=80+80          ,480  , 1.536797e+02 , 4.310344e-04 , 480       ,5.328067           ,25.254302          ,25.251002           ,25.245079           ,25.237452           ,25.209060
audikw_1.mtx                 ,32     ,    ,=80+80          ,480  , 1.508992e+02 , 4.310658e-04 , 480       ,5.490524           ,40.408614          ,40.397951           ,40.391871           ,40.372821           ,40.276471
audikw_1.mtx                 ,38     ,    ,=80+80          ,480  , 1.479190e+02 , 4.313794e-04 , 480       ,5.395284           ,43.794129          ,43.773724           ,43.769920           ,43.751924           ,43.725260
ldoor.mtx                    ,1      ,    ,=80+80          ,500  , 1.869242e+01 , 7.596172e-04 , 500       ,2.647759           ,2.223736           ,2.222245            ,2.222006            ,2.221828            ,2.221591
ldoor.mtx                    ,2      ,    ,=80+80          ,500  , 1.869361e+01 , 7.596173e-04 , 500       ,2.393669           ,4.394278           ,4.392046            ,4.391543            ,4.390490            ,4.390093
ldoor.mtx                    ,4      ,    ,=80+80          ,500  , 1.896933e+01 , 7.596172e-04 , 500       ,2.294643           ,8.475829           ,8.474869            ,8.474247            ,8.472960            ,8.469205
ldoor.mtx                    ,8      ,    ,=80+80          ,500  , 1.909278e+01 , 7.596165e-04 , 500       ,2.185926           ,16.063980          ,16.060976           ,16.059801           ,16.054780           ,16.044020
ldoor.mtx                    ,16     ,    ,=80+80          ,500  , 1.956641e+01 , 7.596160e-04 , 500       ,2.207314           ,29.531494          ,29.519427           ,29.507483           ,29.491983           ,29.478390
ldoor.mtx                    ,32     ,    ,=80+80          ,500  , 2.044187e+01 , 7.596148e-04 , 500       ,2.313937           ,43.583469          ,43.571747           ,43.555075           ,43.513094           ,43.471357
ldoor.mtx                    ,38     ,    ,=80+80          ,500  , 2.035845e+01 , 7.596132e-04 , 500       ,2.362556           ,43.876685          ,43.861137           ,43.837658           ,43.804151           ,43.789160
bone010.mtx                  ,1      ,    ,=80+80          ,500  , 1.063439e-02 , 1.006179e-03 , 500       ,0.797496           ,2.190807           ,2.187716            ,2.187440            ,2.187001            ,2.186019
bone010.mtx                  ,2      ,    ,=80+80          ,500  , 1.063439e-02 , 1.006179e-03 , 500       ,0.482609           ,4.302036           ,4.301814            ,4.300397            ,4.299639            ,4.298889
bone010.mtx                  ,4      ,    ,=80+80          ,500  , 1.063455e-02 , 1.006179e-03 , 500       ,0.317646           ,8.321718           ,8.320621            ,8.319575            ,8.318948            ,8.314828
bone010.mtx                  ,8      ,    ,=80+80          ,500  , 1.066405e-02 , 1.006179e-03 , 500       ,0.257121           ,15.279240          ,15.275126           ,15.273318           ,15.271870           ,15.264944
bone010.mtx                  ,16     ,    ,=80+80          ,500  , 1.100648e-02 , 1.006179e-03 , 500       ,0.231285           ,27.069567          ,27.067617           ,27.054907           ,27.049927           ,27.030510
bone010.mtx                  ,32     ,    ,=80+80          ,500  , 1.171013e-02 , 1.006179e-03 , 500       ,0.429406           ,41.471927          ,41.463807           ,41.449288           ,41.421482           ,41.401269
bone010.mtx                  ,38     ,    ,=80+80          ,500  , 1.157671e-02 , 1.006179e-03 , 500       ,0.479602           ,44.546555          ,44.540878           ,44.528009           ,44.513090           ,44.499607
dielFilterV3real.mtx         ,1      ,    ,=80+80          ,510  , 4.587057e-05 , 3.718231e-04 , 510       ,6.542283           ,2.220690           ,2.220083            ,2.219804            ,2.219532            ,2.219009
dielFilterV3real.mtx         ,2      ,    ,=80+80          ,510  , 4.586216e-05 , 3.718237e-04 , 510       ,6.125625           ,4.341022           ,4.340760            ,4.340382            ,4.340174            ,4.338617
dielFilterV3real.mtx         ,4      ,    ,=80+80          ,510  , 4.571530e-05 , 3.718245e-04 , 510       ,5.940275           ,8.241975           ,8.241309            ,8.240532            ,8.237902            ,8.235792
dielFilterV3real.mtx         ,8      ,    ,=80+80          ,510  , 4.554830e-05 , 3.718258e-04 , 510       ,5.806898           ,15.311169          ,15.309656           ,15.306418           ,15.302342           ,15.299105
dielFilterV3real.mtx         ,16     ,    ,=80+80          ,510  , 4.551850e-05 , 3.718321e-04 , 510       ,5.829224           ,24.709943          ,24.703989           ,24.702609           ,24.701153           ,24.688189
dielFilterV3real.mtx         ,32     ,    ,=80+80          ,510  , 4.756657e-05 , 3.718886e-04 , 510       ,5.998641           ,40.106990          ,40.088474           ,40.075097           ,40.067752           ,40.051493
dielFilterV3real.mtx         ,38     ,    ,=80+80          ,510  , 4.727933e-05 , 3.718945e-04 , 510       ,6.066757           ,42.625724          ,42.609554           ,42.596531           ,42.582020           ,42.569639
thermal2.mtx                 ,1      ,    ,=40             ,510  , 2.075280e-06 , 9.012782e-04 , 510       ,1.076849           ,1.127350           ,1.127289            ,1.126764            ,1.126347            ,1.126139
thermal2.mtx                 ,2      ,    ,=40             ,510  , 2.075280e-06 , 9.012782e-04 , 510       ,0.983766           ,2.246255           ,2.245504            ,2.245173            ,2.244429            ,2.243938
thermal2.mtx                 ,4      ,    ,=40             ,510  , 2.075280e-06 , 9.012782e-04 , 510       ,0.948072           ,4.477144           ,4.476477            ,4.473067            ,4.470180            ,4.468270
thermal2.mtx                 ,8      ,    ,=40             ,510  , 2.075605e-06 , 9.012782e-04 , 510       ,0.905281           ,8.846960           ,8.842076            ,8.838401            ,8.827649            ,8.817126
thermal2.mtx                 ,16     ,    ,=40             ,510  , 2.076041e-06 , 9.012782e-04 , 510       ,0.958928           ,17.324567          ,17.313425           ,17.291855           ,17.263099           ,17.227374
thermal2.mtx                 ,32     ,    ,=40             ,510  , 2.076916e-06 , 9.012782e-04 , 510       ,0.997591           ,32.296621          ,32.225710           ,32.103409           ,31.954360           ,31.861032
thermal2.mtx                 ,38     ,    ,=40             ,510  , 2.077902e-06 , 9.012782e-04 , 510       ,1.015348           ,37.790278          ,37.558420           ,37.334752           ,37.169201           ,36.780170
Serena.mtx                   ,1      ,    ,=40             ,510  , 1.213620e+07 , 8.367408e-04 , 510       ,0.700544           ,2.141583           ,2.141503            ,2.141419            ,2.141369            ,2.141233
Serena.mtx                   ,2      ,    ,=40             ,510  , 1.214828e+07 , 8.367409e-04 , 510       ,0.429341           ,4.071421           ,4.071211            ,4.070680            ,4.070456            ,4.069239
Serena.mtx                   ,4      ,    ,=40             ,510  , 1.228797e+07 , 8.367408e-04 , 510       ,0.298399           ,7.704074           ,7.703989            ,7.702895            ,7.701087            ,7.698635
Serena.mtx                   ,8      ,    ,=40             ,510  , 1.233514e+07 , 8.367420e-04 , 510       ,0.337281           ,11.563669          ,11.563009           ,11.562295           ,11.559233           ,11.554920
Serena.mtx                   ,16     ,    ,=40             ,510  , 1.228161e+07 , 8.367429e-04 , 510       ,0.339143           ,21.194750          ,21.193929           ,21.185863           ,21.181507           ,21.181319
Serena.mtx                   ,32     ,    ,=40             ,510  , 1.227728e+07 , 8.367417e-04 , 510       ,0.447478           ,42.040175          ,42.030271           ,42.016250           ,41.963485           ,41.957583
Serena.mtx                   ,38     ,    ,=40             ,510  , 1.249962e+07 , 8.367405e-04 , 510       ,0.455187           ,42.524507          ,42.503849           ,42.492982           ,42.480961           ,42.470525
Geo_1438.mtx                 ,1      ,    ,=80+80          ,510  , 9.236369e+05 , 8.126741e-04 , 510       ,3.553436           ,2.146769           ,2.146494            ,2.146381            ,2.145612            ,2.144806
Geo_1438.mtx                 ,2      ,    ,=80+80          ,510  , 9.236441e+05 , 8.126741e-04 , 510       ,3.203290           ,4.210188           ,4.209823            ,4.209517            ,4.208680            ,4.204197
Geo_1438.mtx                 ,4      ,    ,=80+80          ,510  , 9.236598e+05 , 8.126741e-04 , 510       ,3.019892           ,7.923199           ,7.920606            ,7.920124            ,7.919577            ,7.914242
Geo_1438.mtx                 ,8      ,    ,=80+80          ,510  , 9.242753e+05 , 8.126741e-04 , 510       ,2.925845           ,14.960041          ,14.955074           ,14.953576           ,14.949282           ,14.916294
Geo_1438.mtx                 ,16     ,    ,=80+80          ,510  , 9.299519e+05 , 8.126741e-04 , 510       ,2.933925           ,23.137034          ,23.132210           ,23.125452           ,23.124253           ,23.106641
Geo_1438.mtx                 ,32     ,    ,=80+80          ,510  , 9.415742e+05 , 8.126742e-04 , 510       ,3.147242           ,40.425622          ,40.416878           ,40.401493           ,40.380962           ,40.351671
Geo_1438.mtx                 ,38     ,    ,=80+80          ,510  , 9.534275e+05 , 8.126732e-04 , 510       ,3.110850           ,41.422584          ,41.410179           ,41.403186           ,41.389262           ,41.125941
Hook_1498.mtx                ,1      ,    ,=80+80          ,510  , 1.215536e-01 , 7.886818e-04 , 510       ,0.678620           ,2.120783           ,2.120653            ,2.120603            ,2.120501            ,2.120182
Hook_1498.mtx                ,2      ,    ,=80+80          ,510  , 1.216719e-01 , 7.886819e-04 , 510       ,0.418697           ,4.191740           ,4.191352            ,4.190968            ,4.190555            ,4.188139
Hook_1498.mtx                ,4      ,    ,=80+80          ,510  , 1.218158e-01 , 7.886820e-04 , 510       ,0.295975           ,8.097446           ,8.095806            ,8.093922            ,8.092538            ,8.090782
Hook_1498.mtx                ,8      ,    ,=80+80          ,510  , 1.222408e-01 , 7.886820e-04 , 510       ,0.239770           ,14.969346          ,14.965513           ,14.963725           ,14.958668           ,14.956983
Hook_1498.mtx                ,16     ,    ,=80+80          ,510  , 1.228470e-01 , 7.886819e-04 , 510       ,0.250839           ,25.458414          ,25.454905           ,25.450783           ,25.445417           ,25.418854
Hook_1498.mtx                ,32     ,    ,=80+80          ,510  , 1.250693e-01 , 7.886900e-04 , 510       ,0.425240           ,41.293369          ,41.255740           ,41.247500           ,41.240105           ,41.214764
Hook_1498.mtx                ,38     ,    ,=80+80          ,510  , 1.251695e-01 , 7.886903e-04 , 510       ,0.480502           ,41.109536          ,41.090052           ,41.069621           ,41.052515           ,40.800320
ML_Geer.mtx                  ,1      ,    ,=80+80          ,510  , 1.188009e+01 , 8.075611e-04 , 510       ,10.409314          ,2.320960           ,2.320796            ,2.320597            ,2.320459            ,2.319607
ML_Geer.mtx                  ,2      ,    ,=80+80          ,510  , 1.188677e+01 , 8.075611e-04 , 510       ,7.827202           ,4.582856           ,4.582379            ,4.581691            ,4.581097            ,4.577908
ML_Geer.mtx                  ,4      ,    ,=80+80          ,510  , 1.190269e+01 , 8.075611e-04 , 510       ,6.558551           ,8.883287           ,8.881523            ,8.880756            ,8.877696            ,8.869755
ML_Geer.mtx                  ,8      ,    ,=80+80          ,510  , 1.193580e+01 , 8.075612e-04 , 510       ,5.900129           ,16.969319          ,16.968821           ,16.966300           ,16.962250           ,16.948458
ML_Geer.mtx                  ,16     ,    ,=80+80          ,510  , 1.199857e+01 , 8.075612e-04 , 510       ,5.627807           ,31.582077          ,31.575762           ,31.573047           ,31.569051           ,31.524598
ML_Geer.mtx                  ,32     ,    ,=80+80          ,510  , 1.212132e+01 , 8.075614e-04 , 510       ,5.515208           ,47.866603          ,47.849602           ,47.846712           ,47.826272           ,47.820645
ML_Geer.mtx                  ,38     ,    ,=80+80          ,510  , 1.217199e+01 , 8.075614e-04 , 510       ,5.544292           ,48.913990          ,48.892450           ,48.873454           ,48.864774           ,48.820205
cage14.mtx                   ,1      ,    ,=80+80          ,50   , 2.776556e-16 , 1.459945e-15 , 50        ,1.119568           ,1.860852           ,1.860482            ,1.859748            ,1.858942            ,1.857085
cage14.mtx                   ,2      ,    ,=80+80          ,50   , 4.903083e-16 , 2.476086e-15 , 50        ,0.762851           ,3.583275           ,3.582410            ,3.577879            ,3.575899            ,3.572617
cage14.mtx                   ,4      ,    ,=80+80          ,50   , 1.007752e-16 , 5.669917e-16 , 50        ,0.668557           ,5.690546           ,5.688264            ,5.686304            ,5.683707            ,5.678001
cage14.mtx                   ,8      ,    ,=80+80          ,50   , 7.563644e-17 , 4.201626e-16 , 50        ,0.780203           ,7.836987           ,7.833316            ,7.831489            ,7.823258            ,7.818026
cage14.mtx                   ,16     ,    ,=80+80          ,50   , 8.323418e-17 , 4.747887e-16 , 50        ,1.068528           ,10.493016          ,10.488915           ,10.475376           ,10.459611           ,10.435616
cage14.mtx                   ,32     ,    ,=80+80          ,50   , 1.178521e-16 , 6.178367e-16 , 50        ,1.501099           ,13.191946          ,13.184678           ,13.167689           ,13.145830           ,13.103120
cage14.mtx                   ,38     ,    ,=80+80          ,50   , 2.041590e-16 , 1.230612e-15 , 50        ,1.972151           ,14.876050          ,14.803392           ,14.772763           ,14.726054           ,14.708609
af_shell10.mtx               ,1      ,    ,=80+80          ,490  , 3.721931e-02 , 6.316663e-04 , 490       ,2.026528           ,2.386587           ,2.386020            ,2.385274            ,2.385226            ,2.383946
af_shell10.mtx               ,2      ,    ,=80+80          ,490  , 3.722924e-02 , 6.316663e-04 , 490       ,1.705246           ,4.710824           ,4.710243            ,4.709712            ,4.709388            ,4.706415
af_shell10.mtx               ,4      ,    ,=80+80          ,490  , 3.724655e-02 , 6.316663e-04 , 490       ,1.558498           ,9.200203           ,9.199225            ,9.197250            ,9.195378            ,9.187345
af_shell10.mtx               ,8      ,    ,=80+80          ,490  , 3.729074e-02 , 6.316663e-04 , 490       ,1.478293           ,17.378694          ,17.375247           ,17.372487           ,17.366532           ,17.352242
af_shell10.mtx               ,16     ,    ,=80+80          ,490  , 3.736706e-02 , 6.316663e-04 , 490       ,1.468562           ,32.502820          ,32.497542           ,32.492103           ,32.469895           ,32.428913
af_shell10.mtx               ,32     ,    ,=80+80          ,490  , 3.750917e-02 , 6.316663e-04 , 490       ,1.488900           ,47.587299          ,47.576152           ,47.542240           ,47.490354           ,47.435441
af_shell10.mtx               ,38     ,    ,=80+80          ,490  , 3.762566e-02 , 6.316664e-04 , 490       ,1.497311           ,48.171249          ,48.163217           ,48.154152           ,48.144587           ,48.079182
Flan_1565.mtx                ,1      ,    ,=80+80          ,460  , 1.511590e+01 , 7.852044e-04 , 460       ,1.126538           ,2.185310           ,2.185109            ,2.184901            ,2.184741            ,2.183749
Flan_1565.mtx                ,2      ,    ,=80+80          ,460  , 1.789391e+01 , 7.852044e-04 , 460       ,0.638334           ,4.276921           ,4.276327            ,4.275885            ,4.275589            ,4.273889
Flan_1565.mtx                ,4      ,    ,=80+80          ,460  , 1.906911e+01 , 7.852045e-04 , 460       ,0.402211           ,8.275004           ,8.271666            ,8.271142            ,8.268852            ,8.261297
Flan_1565.mtx                ,8      ,    ,=80+80          ,460  , 1.898920e+01 , 7.852046e-04 , 460       ,0.289888           ,15.294727          ,15.292829           ,15.292087           ,15.290787           ,15.279475
Flan_1565.mtx                ,16     ,    ,=80+80          ,460  , 2.077668e+01 , 7.852043e-04 , 460       ,0.239766           ,27.908399          ,27.905727           ,27.902283           ,27.892510           ,27.861484
Flan_1565.mtx                ,32     ,    ,=80+80          ,460  , 2.388810e+01 , 7.852048e-04 , 460       ,0.359548           ,39.576370          ,39.572128           ,39.562328           ,39.554365           ,39.473814
Flan_1565.mtx                ,38     ,    ,=80+80          ,460  , 2.328203e+01 , 7.851886e-04 , 460       ,0.460775           ,40.922170          ,40.916060           ,40.909490           ,40.904497           ,40.873769
G3_circuit.mtx               ,1      ,    ,=80+80          ,510  , 6.545658e-04 , 7.835654e-04 , 510       ,0.688481           ,1.430188           ,1.428619            ,1.427236            ,1.426284            ,1.426009
G3_circuit.mtx               ,2      ,    ,=80+80          ,510  , 6.581864e-04 , 7.835653e-04 , 510       ,0.617930           ,2.837858           ,2.833595            ,2.831660            ,2.829323            ,2.827288
G3_circuit.mtx               ,4      ,    ,=80+80          ,510  , 6.613087e-04 , 7.835653e-04 , 510       ,0.580360           ,5.621218           ,5.610891            ,5.606884            ,5.605649            ,5.600652
G3_circuit.mtx               ,8      ,    ,=80+80          ,510  , 6.651528e-04 , 7.835653e-04 , 510       ,0.580189           ,10.991321          ,10.971156           ,10.967846           ,10.962665           ,10.947613
G3_circuit.mtx               ,16     ,    ,=80+80          ,510  , 6.684539e-04 , 7.835653e-04 , 510       ,0.566728           ,21.349582          ,21.322602           ,21.315890           ,21.293835           ,21.265284
G3_circuit.mtx               ,32     ,    ,=80+80          ,510  , 6.874581e-04 , 7.835652e-04 , 510       ,0.614818           ,39.539238          ,39.520286           ,39.469385           ,39.261277           ,38.732313
G3_circuit.mtx               ,38     ,    ,=80+80          ,510  , 6.966611e-04 , 7.835651e-04 , 510       ,0.704984           ,41.713242          ,41.668615           ,41.635967           ,41.524937           ,41.436291
HPCG-128-128-128.mtx         ,1      ,    ,=80+80          ,510  , 1.541423e-04 , 1.484762e-04 , 510       ,3.886494           ,2.191894           ,2.191747            ,2.191612            ,2.191323            ,2.189958
HPCG-128-128-128.mtx         ,2      ,    ,=80+80          ,510  , 1.555233e-04 , 1.484767e-04 , 510       ,3.034562           ,4.306617           ,4.306497            ,4.306065            ,4.305042            ,4.300792
HPCG-128-128-128.mtx         ,4      ,    ,=80+80          ,510  , 1.581687e-04 , 1.484664e-04 , 510       ,2.654496           ,8.333458           ,8.333176            ,8.332163            ,8.331517            ,8.321409
HPCG-128-128-128.mtx         ,8      ,    ,=80+80          ,510  , 1.622683e-04 , 1.484504e-04 , 510       ,2.418021           ,15.000099          ,14.998134           ,14.997322           ,14.995889           ,14.985523
HPCG-128-128-128.mtx         ,16     ,    ,=80+80          ,510  , 1.689987e-04 , 1.483510e-04 , 510       ,2.417877           ,24.065426          ,24.058897           ,24.050177           ,24.046609           ,24.031668
HPCG-128-128-128.mtx         ,32     ,    ,=80+80          ,510  , 1.638711e-04 , 1.482087e-04 , 510       ,2.537679           ,39.467434          ,39.458736           ,39.453396           ,39.425770           ,39.377626
HPCG-128-128-128.mtx         ,38     ,    ,=80+80          ,510  , 1.627085e-04 , 1.482442e-04 , 510       ,2.643548           ,43.017227          ,42.988459           ,42.982503           ,42.953098           ,42.320423
Anderson-16.5.mtx            ,1      ,    ,=80+80          ,500  , 3.811083e-06 , 4.032104e-05 , 500       ,0.617250           ,1.525755           ,1.525665            ,1.525439            ,1.525132            ,1.524319
Anderson-16.5.mtx            ,2      ,    ,=80+80          ,500  , 3.829282e-06 , 4.031933e-05 , 500       ,0.421516           ,3.019293           ,3.018441            ,3.017996            ,3.017388            ,3.014455
Anderson-16.5.mtx            ,4      ,    ,=80+80          ,500  , 3.859683e-06 , 4.032014e-05 , 500       ,0.330214           ,5.966409           ,5.964032            ,5.962638            ,5.959377            ,5.957869
Anderson-16.5.mtx            ,8      ,    ,=80+80          ,500  , 3.911093e-06 , 4.032221e-05 , 500       ,0.283132           ,11.404833          ,11.401017           ,11.396742           ,11.393749           ,11.388001
Anderson-16.5.mtx            ,16     ,    ,=80+80          ,500  , 3.996964e-06 , 4.033506e-05 , 500       ,0.317927           ,21.081276          ,21.077043           ,21.069571           ,21.062368           ,21.044698
Anderson-16.5.mtx            ,32     ,    ,=80+80          ,500  , 4.089181e-06 , 4.031955e-05 , 500       ,0.427852           ,30.596148          ,30.588426           ,30.577819           ,30.567265           ,30.539452
Anderson-16.5.mtx            ,38     ,    ,=80+80          ,500  , 4.002715e-06 , 4.030037e-05 , 500       ,0.573272           ,34.820862          ,34.803129           ,34.787496           ,34.759982           ,34.720868
FreeBosonChain-18.mtx        ,1      ,    ,=80+80          ,1120 , 1.005354e-07 , 1.325161e-06 , 510       ,1.816187           ,1.670842           ,1.670816            ,1.670537            ,1.670117            ,1.669824
FreeBosonChain-18.mtx        ,2      ,    ,=80+80          ,1120 , 1.136236e-07 , 1.325041e-06 , 630       ,1.094391           ,3.056539           ,3.056395            ,3.055978            ,3.055728            ,3.054312
FreeBosonChain-18.mtx        ,4      ,    ,=80+80          ,1120 , 1.228286e-07 , 1.325790e-06 , 570       ,0.710393           ,6.127933           ,6.127231            ,6.123666            ,6.118295            ,6.113759
FreeBosonChain-18.mtx        ,8      ,    ,=80+80          ,1120 , 2.273497e-07 , 1.387806e-06 , 1120      ,0.553380           ,9.722900           ,9.722642            ,9.721858            ,9.720899            ,9.717643
FreeBosonChain-18.mtx        ,16     ,    ,=80+80          ,1120 , 1.645730e-07 , 1.372555e-06 , 1120      ,0.758982           ,18.581858          ,18.568386           ,18.541199           ,18.505294           ,18.431351
FreeBosonChain-18.mtx        ,32     ,    ,=80+80          ,1120 , 3.195580e-07 , 1.437493e-06 , 1120      ,0.750330           ,35.152892          ,35.139412           ,35.126360           ,35.115361           ,35.024690
FreeBosonChain-18.mtx        ,38     ,    ,=80+80          ,1120 , 3.393092e-07 , 1.459359e-06 , 1120      ,0.753217           ,30.520290          ,30.487696           ,30.478898           ,30.467534           ,30.453377
nlpkkt120.mtx                ,1      ,    ,=80+80          ,510  , 9.880870e-04 , 3.774857e-04 , 510       ,1.409910           ,2.177021           ,2.176795            ,2.176754            ,2.176722            ,2.176029
nlpkkt120.mtx                ,2      ,    ,=80+80          ,510  , 9.896917e-04 , 3.774861e-04 , 510       ,0.852643           ,4.310283           ,4.310009            ,4.309792            ,4.309190            ,4.306522
nlpkkt120.mtx                ,4      ,    ,=80+80          ,510  , 9.936288e-04 , 3.774866e-04 , 510       ,0.579327           ,8.065970           ,8.065914            ,8.065361            ,8.064110            ,8.062150
nlpkkt120.mtx                ,8      ,    ,=80+80          ,510  , 1.000899e-03 , 3.774824e-04 , 510       ,0.420136           ,14.693604          ,14.692324           ,14.691394           ,14.689570           ,14.683170
nlpkkt120.mtx                ,16     ,    ,=80+80          ,510  , 1.017759e-03 , 3.774779e-04 , 510       ,0.482541           ,23.595081          ,23.590753           ,23.588071           ,23.585215           ,23.575500
nlpkkt120.mtx                ,32     ,    ,=80+80          ,510  , 1.043841e-03 , 3.774793e-04 , 510       ,0.781666           ,40.059308          ,40.055288           ,40.033085           ,40.031804           ,39.976121
nlpkkt120.mtx                ,38     ,    ,=80+80          ,510  , 1.045973e-03 , 3.774740e-04 , 510       ,0.822328           ,41.065568          ,41.054421           ,41.043398           ,41.034825           ,40.988461
rajat31.mtx                  ,1      ,    ,=40             ,490  , 2.354386e-03 , 3.772798e-04 , 490       ,0.751315           ,1.254454           ,1.253804            ,1.253652            ,1.253399            ,1.252832
rajat31.mtx                  ,2      ,    ,=40             ,490  , 2.354386e-03 , 3.772798e-04 , 490       ,0.562079           ,2.501041           ,2.500533            ,2.500100            ,2.499586            ,2.498224
rajat31.mtx                  ,4      ,    ,=40             ,490  , 2.354386e-03 , 3.772798e-04 , 490       ,0.450669           ,4.975666           ,4.974891            ,4.974192            ,4.973127            ,4.970663
rajat31.mtx                  ,8      ,    ,=40             ,490  , 2.354386e-03 , 3.772798e-04 , 490       ,0.367679           ,9.806866           ,9.806022            ,9.804758            ,9.801691            ,9.784724
rajat31.mtx                  ,16     ,    ,=40             ,490  , 2.354386e-03 , 3.772798e-04 , 490       ,0.408973           ,19.034469          ,19.020048           ,19.010748           ,19.002629           ,18.994277
rajat31.mtx                  ,32     ,    ,=40             ,490  , 2.354386e-03 , 3.772798e-04 , 490       ,0.443621           ,34.236299          ,34.188482           ,34.148152           ,34.116808           ,34.088307
rajat31.mtx                  ,38     ,    ,=40             ,490  , 2.354386e-03 , 3.772798e-04 , 490       ,0.437663           ,36.970389          ,36.935405           ,36.904355           ,36.850276           ,36.408908
channel-500x100x100-b050.mtx ,1      ,    ,=40             ,760  , 3.200686e-09 , 2.903499e-06 , 460       ,4.203542           ,2.121497           ,2.121455            ,2.121376            ,2.121058            ,2.120176
channel-500x100x100-b050.mtx ,2      ,    ,=40             ,760  , 3.279469e-09 , 2.901309e-06 , 470       ,3.475042           ,4.168953           ,4.168839            ,4.168550            ,4.168190            ,4.167339
channel-500x100x100-b050.mtx ,4      ,    ,=40             ,760  , 3.412858e-09 , 2.899870e-06 , 490       ,3.063893           ,8.194497           ,8.194249            ,8.193273            ,8.191623            ,8.185219
channel-500x100x100-b050.mtx ,8      ,    ,=40             ,760  , 3.711757e-09 , 2.903064e-06 , 540       ,2.902740           ,15.775809          ,15.773364           ,15.769790           ,15.766099           ,15.755495
channel-500x100x100-b050.mtx ,16     ,    ,=40             ,760  , 4.992943e-09 , 2.894744e-06 , 550       ,2.849997           ,29.220007          ,29.202471           ,29.194153           ,29.184085           ,29.149357
channel-500x100x100-b050.mtx ,32     ,    ,=40             ,760  , 4.793642e-09 , 2.896723e-06 , 590       ,2.874561           ,42.846654          ,42.836875           ,42.826266           ,42.802564           ,42.776624
channel-500x100x100-b050.mtx ,38     ,    ,=40             ,760  , 6.773669e-09 , 2.903901e-06 , 760       ,2.846161           ,41.115096          ,41.104180           ,41.099961           ,41.073011           ,40.973859
HPCG-192-192-192.mtx         ,1      ,    ,=80+80          ,520  , 3.397952e-05 , 3.602964e-04 , 520       ,13.225914          ,2.188276           ,2.188158            ,2.188109            ,2.187983            ,2.187396
HPCG-192-192-192.mtx         ,2      ,    ,=80+80          ,520  , 3.405226e-05 , 3.602964e-04 , 520       ,10.222158          ,4.331509           ,4.331393            ,4.331289            ,4.331019            ,4.327193
HPCG-192-192-192.mtx         ,4      ,    ,=80+80          ,520  , 3.421430e-05 , 3.602964e-04 , 520       ,8.623517           ,8.204884           ,8.203448            ,8.203177            ,8.201381            ,8.195037
HPCG-192-192-192.mtx         ,8      ,    ,=80+80          ,520  , 3.526231e-05 , 3.602958e-04 , 520       ,7.842819           ,15.563660          ,15.561430           ,15.560569           ,15.559230           ,15.546167
HPCG-192-192-192.mtx         ,16     ,    ,=80+80          ,520  , 3.715496e-05 , 3.602918e-04 , 520       ,7.358147           ,26.057935          ,26.052658           ,26.051935           ,26.047815           ,26.008524
HPCG-192-192-192.mtx         ,32     ,    ,=80+80          ,520  , 3.594597e-05 , 3.602328e-04 , 520       ,7.747742           ,37.562946          ,37.559489           ,37.555690           ,37.553906           ,37.534974
HPCG-192-192-192.mtx         ,38     ,    ,=80+80          ,520  , 3.583493e-05 , 3.602419e-04 , 520       ,7.953270           ,40.633969          ,40.624729           ,40.620613           ,40.610942           ,40.101760
FreeFermionChain-26.mtx      ,1      ,    ,=80+80          ,870  , 7.226098e-08 , 5.161168e-07 , 510       ,7.101776           ,1.683293           ,1.683238            ,1.683200            ,1.683110            ,1.682766
FreeFermionChain-26.mtx      ,2      ,    ,=80+80          ,870  , 7.752107e-08 , 5.189840e-07 , 610       ,4.110734           ,3.263009           ,3.262861            ,3.262668            ,3.262142            ,3.261216
FreeFermionChain-26.mtx      ,4      ,    ,=80+80          ,870  , 8.421690e-08 , 5.175554e-07 , 560       ,2.405980           ,6.031256           ,6.030657            ,6.030180            ,6.029726            ,6.027052
FreeFermionChain-26.mtx      ,8      ,    ,=80+80          ,870  , 1.948999e-07 , 9.298706e-07 , 870       ,1.850942           ,9.827170           ,9.826992            ,9.825700            ,9.825064            ,9.823440
FreeFermionChain-26.mtx      ,16     ,    ,=80+80          ,870  , 2.084829e-07 , 9.582129e-07 , 870       ,2.100311           ,18.830455          ,18.825516           ,18.823402           ,18.821559           ,18.812098
FreeFermionChain-26.mtx      ,32     ,    ,=80+80          ,870  , 2.255803e-07 , 9.577534e-07 , 870       ,2.109572           ,29.900255          ,29.899572           ,29.898128           ,29.896820           ,29.884434
FreeFermionChain-26.mtx      ,38     ,    ,=80+80          ,870  , 2.604367e-07 , 1.065158e-06 , 870       ,2.240230           ,30.892462          ,30.888088           ,30.885268           ,30.879389           ,30.869930
Spin-26.mtx                  ,1      ,    ,=40             ,500  , 6.666104e-06 , 1.893613e-05 , 500       ,12.837527          ,1.669985           ,1.669911            ,1.669899            ,1.669866            ,1.668808
Spin-26.mtx                  ,2      ,    ,=40             ,500  , 6.770932e-06 , 1.893670e-05 , 500       ,9.851131           ,3.200566           ,3.200282            ,3.200190            ,3.200034            ,3.198563
Spin-26.mtx                  ,4      ,    ,=40             ,500  , 6.923516e-06 , 1.893812e-05 , 500       ,8.193875           ,6.452325           ,6.450973            ,6.449866            ,6.448143            ,6.447521
Spin-26.mtx                  ,8      ,    ,=40             ,500  , 7.196799e-06 , 1.894099e-05 , 500       ,7.310548           ,11.545905          ,11.545788           ,11.541585           ,11.540736           ,11.540227
Spin-26.mtx                  ,16     ,    ,=40             ,500  , 7.520785e-06 , 1.894009e-05 , 500       ,7.292178           ,19.267075          ,19.259893           ,19.256140           ,19.255270           ,19.250978
Spin-26.mtx                  ,32     ,    ,=40             ,500  , 7.416264e-06 , 1.892825e-05 , 500       ,8.027235           ,30.113640          ,30.111096           ,30.108579           ,30.104239           ,30.102480
Spin-26.mtx                  ,38     ,    ,=40             ,500  , 7.392154e-06 , 1.892812e-05 , 500       ,8.377116           ,33.975417          ,33.973683           ,33.970567           ,33.962594           ,33.941726
Hubbard-14.mtx               ,1      ,    ,=80+80          ,1990 , 2.835244e-08 , 2.685391e-07 , 510       ,15.332372          ,1.687182           ,1.686844            ,1.686098            ,1.685919            ,1.685442
Hubbard-14.mtx               ,2      ,    ,=80+80          ,1990 , 2.994178e-08 , 2.688444e-07 , 1330      ,11.631190          ,3.236648           ,3.236502            ,3.236436            ,3.236312            ,3.234340
Hubbard-14.mtx               ,4      ,    ,=80+80          ,1990 , 3.599012e-08 , 2.934626e-07 , 1990      ,9.632815           ,6.129641           ,6.129066            ,6.128419            ,6.127073            ,6.125711
Hubbard-14.mtx               ,8      ,    ,=80+80          ,1990 , 3.408435e-08 , 2.716010e-07 , 1990      ,8.580763           ,11.286797          ,11.286216           ,11.284692           ,11.283447           ,11.281647
Hubbard-14.mtx               ,16     ,    ,=80+80          ,1990 , 3.159996e-08 , 2.699984e-07 , 1990      ,9.342839           ,17.714107          ,17.712880           ,17.710833           ,17.708799           ,17.705673
Hubbard-14.mtx               ,32     ,    ,=80+80          ,1990 , 4.361884e-08 , 3.166543e-07 , 1990      ,9.156395           ,31.808852          ,31.806191           ,31.804588           ,31.803212           ,31.797371
Hubbard-14.mtx               ,38     ,    ,=80+80          ,1990 , 3.805920e-08 , 2.902925e-07 , 1990      ,9.316859           ,28.909701          ,28.904211           ,28.901934           ,28.898997           ,28.885928
nlpkkt200.mtx                ,1      ,    ,=80+80          ,510  , 4.574202e-04 , 1.825594e-04 , 510       ,25.125462          ,2.191782           ,2.191698            ,2.191633            ,2.191583            ,2.190852
nlpkkt200.mtx                ,2      ,    ,=80+80          ,510  , 4.575492e-04 , 1.825595e-04 , 510       ,20.251782          ,4.305071           ,4.304932            ,4.304807            ,4.304517            ,4.302262
nlpkkt200.mtx                ,4      ,    ,=80+80          ,510  , 4.577935e-04 , 1.825595e-04 , 510       ,17.996182          ,8.239873           ,8.239599            ,8.239538            ,8.239256            ,8.237835
nlpkkt200.mtx                ,8      ,    ,=80+80          ,510  , 4.584432e-04 , 1.825593e-04 , 510       ,16.678224          ,15.677503          ,15.676191           ,15.675665           ,15.675319           ,15.668822
nlpkkt200.mtx                ,16     ,    ,=80+80          ,510  , 4.595429e-04 , 1.825572e-04 , 510       ,16.188322          ,25.740405          ,25.738279           ,25.736202           ,25.730696           ,25.213392
nlpkkt200.mtx                ,32     ,    ,=80+80          ,510  , 4.743282e-04 , 1.825586e-04 , 510       ,17.258782          ,36.461110          ,36.459397           ,36.457403           ,36.454180           ,36.450404
nlpkkt200.mtx                ,38     ,    ,=80+80          ,510  , 4.801850e-04 , 1.825526e-04 , 510       ,18.011024          ,40.258925          ,40.251133           ,40.248863           ,40.235041           ,39.680138
delaunay_n24.mtx             ,1      ,    ,=80+80          ,510  , 3.319911e-07 , 6.335815e-06 , 510       ,18.019053          ,0.966311           ,0.965767            ,0.965407            ,0.965321            ,0.965108
delaunay_n24.mtx             ,2      ,    ,=80+80          ,510  , 3.321845e-07 , 6.335891e-06 , 510       ,15.103865          ,1.918432           ,1.917775            ,1.917501            ,1.916612            ,1.914177
delaunay_n24.mtx             ,4      ,    ,=80+80          ,510  , 3.325255e-07 , 6.335931e-06 , 510       ,13.551722          ,3.813072           ,3.811186            ,3.806927            ,3.804566            ,3.800421
delaunay_n24.mtx             ,8      ,    ,=80+80          ,510  , 3.332051e-07 , 6.336045e-06 , 510       ,12.807637          ,7.518217           ,7.513981            ,7.509851            ,7.507458            ,7.502232
delaunay_n24.mtx             ,16     ,    ,=80+80          ,510  , 3.346328e-07 , 6.336568e-06 , 510       ,12.447160          ,14.962456          ,14.948878           ,14.937563           ,14.932614           ,14.925034
delaunay_n24.mtx             ,32     ,    ,=80+80          ,510  , 3.372851e-07 , 6.337290e-06 , 510       ,12.321635          ,27.375350          ,27.350315           ,27.333244           ,27.312540           ,27.242451
delaunay_n24.mtx             ,38     ,    ,=80+80          ,510  , 3.382617e-07 , 6.338047e-06 , 510       ,12.421987          ,31.575682          ,31.542322           ,31.517912           ,31.498126           ,31.350082
Graphene-4096.mtx            ,1      ,    ,=40             ,500  , 7.492301e-09 , 2.495290e-07 , 500       ,5.828813           ,1.734541           ,1.734449            ,1.734361            ,1.734124            ,1.733551
Graphene-4096.mtx            ,2      ,    ,=40             ,500  , 7.493222e-09 , 2.495290e-07 , 500       ,3.315078           ,3.448641           ,3.448376            ,3.448285            ,3.448157            ,3.443866
Graphene-4096.mtx            ,4      ,    ,=40             ,500  , 7.494390e-09 , 2.495294e-07 , 500       ,2.112949           ,6.818008           ,6.817684            ,6.817061            ,6.815788            ,6.790054
Graphene-4096.mtx            ,8      ,    ,=40             ,500  , 7.497506e-09 , 2.495240e-07 , 500       ,1.397884           ,13.338617          ,13.338431           ,13.337707           ,13.334275           ,13.298134
Graphene-4096.mtx            ,16     ,    ,=40             ,500  , 7.502852e-09 , 2.495253e-07 , 500       ,1.141665           ,25.574680          ,25.570024           ,25.559929           ,25.530822           ,25.475952
Graphene-4096.mtx            ,32     ,    ,=40             ,500  , 7.513504e-09 , 2.495282e-07 , 500       ,1.030507           ,40.913923          ,40.902260           ,40.886535           ,40.872575           ,40.862005
Graphene-4096.mtx            ,38     ,    ,=40             ,500  , 7.517169e-09 , 2.495363e-07 , 500       ,1.031985           ,42.846382          ,42.842463           ,42.827696           ,42.758380           ,42.704115
